{
	"motor1": {
		"P": 0.001,
		"I": 0.0,
		"D": 0.00001
	},
	"motor2": {
		"P": 0.002,
		"I": 0.02,
		"D": 0.0000005
	},
	"motor3": {
		"P": 0.001,
		"I": 0.02,
		"D": 0.0000005
	}
}
