{
	"motor1": {
		"P": 0.0,
		"I": 0.0,
		"D": 0.0
	},
	"motor2": {
		"P": 0.0015,
		"I": 0.001,
		"D": -0.000005
	},
	"motor3": {
		"P":0.004,
		"I": 0.002,
		"D": -0.000005
	}
}