{
	"motor1": {
		"P": 0.0025,
		"I": 0.0,
		"D": 0.0000005
	},
	"motor2": {
		"P": 0.001,
		"I": 0.0005,
		"D": 0.0000005
	},
	"motor3": {
		"P": 0.00075,
		"I": 0.0005,
		"D": 0.0000005
	}
}
